instance_type,vcpu,memory_mib,price_per_hour,max_pods
a1.2xlarge,8,16384,0.2040000000,58
a1.4xlarge,16,32768,0.4080000000,234
a1.large,2,4096,0.0510000000,29
a1.medium,1,2048,0.0255000000,8
a1.metal,16,32768,0.4080000000,234
a1.xlarge,4,8192,0.1020000000,58
c1.medium,2,1740,0.1300000000,12
c1.xlarge,8,7168,0.5200000000,58
c3.2xlarge,8,15360,0.4200000000,58
c3.4xlarge,16,30720,0.8400000000,234
c3.8xlarge,32,61440,1.6800000000,234
c3.large,2,3840,0.1050000000,29
c3.xlarge,4,7680,0.2100000000,58
c4.2xlarge,8,15360,0.3980000000,58
c4.4xlarge,16,30720,0.7960000000,234
c4.8xlarge,36,61440,1.5910000000,234
c4.large,2,3840,0.1000000000,29
c4.xlarge,4,7680,0.1990000000,58
c5.12xlarge,48,98304,2.0400000000,234
c5.18xlarge,72,147456,3.0600000000,737
c5.24xlarge,96,196608,4.0800000000,737
c5.2xlarge,8,16384,0.3400000000,58
c5.4xlarge,16,32768,0.6800000000,234
c5.9xlarge,36,73728,1.5300000000,234
c5.large,2,4096,0.0850000000,29
c5.metal,96,196608,4.0800000000,737
c5.xlarge,4,8192,0.1700000000,58
c5a.12xlarge,48,98304,1.8480000000,234
c5a.16xlarge,64,131072,2.4640000000,737
c5a.24xlarge,96,196608,3.6960000000,737
c5a.2xlarge,8,16384,0.3080000000,58
c5a.4xlarge,16,32768,0.6160000000,234
c5a.8xlarge,32,65536,1.2320000000,234
c5a.large,2,4096,0.0770000000,29
c5a.xlarge,4,8192,0.1540000000,58
c5ad.12xlarge,48,98304,2.0640000000,234
c5ad.16xlarge,64,131072,2.7520000000,737
c5ad.24xlarge,96,196608,4.1280000000,737
c5ad.2xlarge,8,16384,0.3440000000,58
c5ad.4xlarge,16,32768,0.6880000000,234
c5ad.8xlarge,32,65536,1.3760000000,234
c5ad.large,2,4096,0.0860000000,29
c5ad.xlarge,4,8192,0.1720000000,58
c5d.12xlarge,48,98304,2.3040000000,234
c5d.18xlarge,72,147456,3.4560000000,737
c5d.24xlarge,96,196608,4.6080000000,737
c5d.2xlarge,8,16384,0.3840000000,58
c5d.4xlarge,16,32768,0.7680000000,234
c5d.9xlarge,36,73728,1.7280000000,234
c5d.large,2,4096,0.0960000000,29
c5d.metal,96,196608,4.6080000000,737
c5d.xlarge,4,8192,0.1920000000,58
c5n.18xlarge,72,196608,3.8880000000,737
c5n.2xlarge,8,21504,0.4320000000,58
c5n.4xlarge,16,43008,0.8640000000,234
c5n.9xlarge,36,98304,1.9440000000,234
c5n.large,2,5376,0.1080000000,29
c5n.metal,72,196608,3.8880000000,737
c5n.xlarge,4,10752,0.2160000000,58
c6a.12xlarge,48,98304,1.8360000000,234
c6a.16xlarge,64,131072,2.4480000000,737
c6a.24xlarge,96,196608,3.6720000000,737
c6a.2xlarge,8,16384,0.3060000000,58
c6a.32xlarge,128,262144,4.8960000000,737
c6a.48xlarge,192,393216,7.3440000000,737
c6a.4xlarge,16,32768,0.6120000000,234
c6a.8xlarge,32,65536,1.2240000000,234
c6a.large,2,4096,0.0765000000,29
c6a.metal,192,393216,7.3440000000,737
c6a.xlarge,4,8192,0.1530000000,58
c6g.12xlarge,48,98304,1.6320000000,234
c6g.16xlarge,64,131072,2.1760000000,737
c6g.2xlarge,8,16384,0.2720000000,58
c6g.4xlarge,16,32768,0.5440000000,234
c6g.8xlarge,32,65536,1.0880000000,234
c6g.large,2,4096,0.0680000000,29
c6g.medium,1,2048,0.0340000000,8
c6g.metal,64,131072,2.1760000000,737
c6g.xlarge,4,8192,0.1360000000,58
c6gd.12xlarge,48,98304,1.8432000000,234
c6gd.16xlarge,64,131072,2.4576000000,737
c6gd.2xlarge,8,16384,0.3072000000,58
c6gd.4xlarge,16,32768,0.6144000000,234
c6gd.8xlarge,32,65536,1.2288000000,234
c6gd.large,2,4096,0.0768000000,29
c6gd.medium,1,2048,0.0384000000,8
c6gd.metal,64,131072,2.4576000000,737
c6gd.xlarge,4,8192,0.1536000000,58
c6gn.12xlarge,48,98304,2.0736000000,234
c6gn.16xlarge,64,131072,2.7648000000,737
c6gn.2xlarge,8,16384,0.3456000000,58
c6gn.4xlarge,16,32768,0.6912000000,234
c6gn.8xlarge,32,65536,1.3824000000,234
c6gn.large,2,4096,0.0864000000,29
c6gn.medium,1,2048,0.0432000000,8
c6gn.xlarge,4,8192,0.1728000000,58
c6i.12xlarge,48,98304,2.0400000000,234
c6i.16xlarge,64,131072,2.7200000000,737
c6i.24xlarge,96,196608,4.0800000000,737
c6i.2xlarge,8,16384,0.3400000000,58
c6i.32xlarge,128,262144,5.4400000000,737
c6i.4xlarge,16,32768,0.6800000000,234
c6i.8xlarge,32,65536,1.3600000000,234
c6i.large,2,4096,0.0850000000,29
c6i.metal,128,262144,5.4400000000,737
c6i.xlarge,4,8192,0.1700000000,58
c6id.12xlarge,48,98304,2.4192000000,234
c6id.16xlarge,64,131072,3.2256000000,737
c6id.24xlarge,96,196608,4.8384000000,737
c6id.2xlarge,8,16384,0.4032000000,58
c6id.32xlarge,128,262144,6.4512000000,737
c6id.4xlarge,16,32768,0.8064000000,234
c6id.8xlarge,32,65536,1.6128000000,234
c6id.large,2,4096,0.1008000000,29
c6id.metal,128,262144,6.4512000000,737
c6id.xlarge,4,8192,0.2016000000,58
c6in.12xlarge,48,98304,2.7216000000,234
c6in.16xlarge,64,131072,3.6288000000,737
c6in.24xlarge,96,196608,5.4432000000,737
c6in.2xlarge,8,16384,0.4536000000,58
c6in.32xlarge,128,262144,7.2576000000,786
c6in.4xlarge,16,32768,0.9072000000,234
c6in.8xlarge,32,65536,1.8144000000,234
c6in.large,2,4096,0.1134000000,29
c6in.metal,128,262144,7.2576000000,786
c6in.xlarge,4,8192,0.2268000000,58
c7a.12xlarge,48,98304,2.4633600000,234
c7a.16xlarge,64,131072,3.2844800000,737
c7a.24xlarge,96,196608,4.9267200000,737
c7a.2xlarge,8,16384,0.4105600000,58
c7a.32xlarge,128,262144,6.5689600000,737
c7a.48xlarge,192,393216,9.8534400000,737
c7a.4xlarge,16,32768,0.8211200000,234
c7a.8xlarge,32,65536,1.6422400000,234
c7a.large,2,4096,0.1026400000,29
c7a.medium,1,2048,0.0513200000,8
c7a.metal-48xl,192,393216,9.8534400000,737
c7a.xlarge,4,8192,0.2052800000,58
c7g.12xlarge,48,98304,1.7400000000,234
c7g.16xlarge,64,131072,2.3200000000,737
c7g.2xlarge,8,16384,0.2900000000,58
c7g.4xlarge,16,32768,0.5800000000,234
c7g.8xlarge,32,65536,1.1600000000,234
c7g.large,2,4096,0.0725000000,29
c7g.medium,1,2048,0.0363000000,8
c7g.metal,64,131072,2.3200000000,737
c7g.xlarge,4,8192,0.1450000000,58
c7gd.12xlarge,48,98304,2.1773000000,234
c7gd.16xlarge,64,131072,2.9030000000,737
c7gd.2xlarge,8,16384,0.3629000000,58
c7gd.4xlarge,16,32768,0.7258000000,234
c7gd.8xlarge,32,65536,1.4515000000,234
c7gd.large,2,4096,0.0907000000,29
c7gd.medium,1,2048,0.0454000000,8
c7gd.metal,64,131072,2.9030000000,737
c7gd.xlarge,4,8192,0.1814000000,58
c7gn.12xlarge,48,98304,2.9952000000,234
c7gn.16xlarge,64,131072,3.9936000000,737
c7gn.2xlarge,8,16384,0.4992000000,58
c7gn.4xlarge,16,32768,0.9984000000,234
c7gn.8xlarge,32,65536,1.9968000000,234
c7gn.large,2,4096,0.1248000000,29
c7gn.medium,1,2048,0.0624000000,8
c7gn.metal,64,131072,3.9936000000,737
c7gn.xlarge,4,8192,0.2496000000,58
c7i-flex.12xlarge,48,98304,2.0349000000,234
c7i-flex.16xlarge,64,131072,2.7132000000,737
c7i-flex.2xlarge,8,16384,0.3391500000,58
c7i-flex.4xlarge,16,32768,0.6783000000,234
c7i-flex.8xlarge,32,65536,1.3566000000,234
c7i-flex.large,2,4096,0.0847900000,29
c7i-flex.xlarge,4,8192,0.1695800000,58
c7i.12xlarge,48,98304,2.1420000000,234
c7i.16xlarge,64,131072,2.8560000000,737
c7i.24xlarge,96,196608,4.2840000000,737
c7i.2xlarge,8,16384,0.3570000000,58
c7i.48xlarge,192,393216,8.5680000000,737
c7i.4xlarge,16,32768,0.7140000000,234
c7i.8xlarge,32,65536,1.4280000000,234
c7i.large,2,4096,0.0892500000,29
c7i.metal-24xl,96,196608,4.2840000000,737
c7i.metal-48xl,192,393216,8.5680000000,737
c7i.xlarge,4,8192,0.1785000000,58
c8a.12xlarge,48,98304,2.5864800000,758
c8a.16xlarge,64,131072,3.4486400000,1010
c8a.24xlarge,96,196608,5.1729600000,1010
c8a.2xlarge,8,16384,0.4310800000,158
c8a.48xlarge,192,393216,10.3459200000,1514
c8a.4xlarge,16,32768,0.8621600000,314
c8a.8xlarge,32,65536,1.7243200000,392
c8a.large,2,4096,0.1077700000,59
c8a.medium,1,2048,0.0538900000,8
c8a.metal-24xl,96,196608,5.1729600000,1010
c8a.metal-48xl,192,393216,10.3459200000,1514
c8a.xlarge,4,8192,0.2155400000,78
c8g.12xlarge,48,98304,1.9142400000,234
c8g.16xlarge,64,131072,2.5523200000,737
c8g.24xlarge,96,196608,3.8284800000,737
c8g.2xlarge,8,16384,0.3190400000,58
c8g.48xlarge,192,393216,7.6569600000,737
c8g.4xlarge,16,32768,0.6380800000,234
c8g.8xlarge,32,65536,1.2761600000,234
c8g.large,2,4096,0.0797600000,29
c8g.medium,1,2048,0.0398800000,8
c8g.metal-24xl,96,196608,3.8284800000,737
c8g.metal-48xl,192,393216,7.6569600000,737
c8g.xlarge,4,8192,0.1595200000,58
c8gb.12xlarge,48,98304,2.8440000000,350
c8gb.16xlarge,64,131072,3.7920000000,786
c8gb.24xlarge,96,196608,5.6880000000,1178
c8gb.2xlarge,8,16384,0.4740000000,58
c8gb.48xlarge,192,393216,11.3760000000,1178
c8gb.4xlarge,16,32768,0.9480000000,234
c8gb.8xlarge,32,65536,1.8960000000,292
c8gb.large,2,4096,0.1185000000,29
c8gb.medium,1,2048,0.0592500000,8
c8gb.xlarge,4,8192,0.2370000000,58
c8gd.12xlarge,48,98304,2.3515200000,234
c8gd.16xlarge,64,131072,3.1353600000,737
c8gd.24xlarge,96,196608,4.7030400000,737
c8gd.2xlarge,8,16384,0.3919200000,58
c8gd.48xlarge,192,393216,9.4060800000,737
c8gd.4xlarge,16,32768,0.7838400000,234
c8gd.8xlarge,32,65536,1.5676800000,234
c8gd.large,2,4096,0.0979800000,29
c8gd.medium,1,2048,0.0489900000,8
c8gd.metal-24xl,96,196608,4.7030400000,737
c8gd.metal-48xl,192,393216,9.4060800000,737
c8gd.xlarge,4,8192,0.1959600000,58
c8gn.12xlarge,48,98304,2.8440000000,350
c8gn.16xlarge,64,131072,3.7920000000,786
c8gn.24xlarge,96,196608,5.6880000000,1178
c8gn.2xlarge,8,16384,0.4740000000,58
c8gn.48xlarge,192,393216,11.3760000000,1178
c8gn.4xlarge,16,32768,0.9480000000,234
c8gn.8xlarge,32,65536,1.8960000000,292
c8gn.large,2,4096,0.1185000000,29
c8gn.medium,1,2048,0.0593000000,8
c8gn.xlarge,4,8192,0.2370000000,58
c8i-flex.12xlarge,48,98304,2.1364800000,590
c8i-flex.16xlarge,64,131072,2.8486400000,1010
c8i-flex.2xlarge,8,16384,0.3560800000,118
c8i-flex.4xlarge,16,32768,0.7121600000,394
c8i-flex.8xlarge,32,65536,1.4243200000,492
c8i-flex.large,2,4096,0.0890200000,59
c8i-flex.xlarge,4,8192,0.1780400000,118
c8i.12xlarge,48,98304,2.2490400000,590
c8i.16xlarge,64,131072,2.9987200000,1010
c8i.24xlarge,96,196608,4.4980800000,1010
c8i.2xlarge,8,16384,0.3748400000,118
c8i.32xlarge,128,262144,5.9974400000,1514
c8i.48xlarge,192,393216,8.9961600000,1514
c8i.4xlarge,16,32768,0.7496800000,394
c8i.8xlarge,32,65536,1.4993600000,492
c8i.96xlarge,384,786432,17.9923200000,1514
c8i.large,2,4096,0.0937100000,59
c8i.metal-48xl,192,393216,8.9961600000,1514
c8i.metal-96xl,384,786432,17.9923200000,1514
c8i.xlarge,4,8192,0.1874200000,118
c8ib.12xlarge,48,98304,3.2659200000,590
c8ib.16xlarge,64,131072,4.3545600000,1010
c8ib.24xlarge,96,196608,6.5318400000,1010
c8ib.2xlarge,8,16384,0.5443200000,118
c8ib.32xlarge,128,262144,8.7091200000,1010
c8ib.48xlarge,192,393216,13.0636800000,1514
c8ib.4xlarge,16,32768,1.0886400000,394
c8ib.8xlarge,32,65536,2.1772800000,394
c8ib.96xlarge,384,786432,26.1273600000,1514
c8ib.large,2,4096,0.1360800000,78
c8ib.xlarge,4,8192,0.2721600000,118
c8id.12xlarge,48,98304,2.6611200000,590
c8id.16xlarge,64,131072,3.5481600000,1010
c8id.24xlarge,96,196608,5.3222400000,1010
c8id.2xlarge,8,16384,0.4435200000,118
c8id.32xlarge,128,262144,7.0963200000,1514
c8id.48xlarge,192,393216,10.6444800000,1514
c8id.4xlarge,16,32768,0.8870400000,394
c8id.8xlarge,32,65536,1.7740800000,492
c8id.96xlarge,384,786432,21.2889600000,1514
c8id.large,2,4096,0.1108800000,59
c8id.metal-48xl,192,393216,10.6444800000,1514
c8id.metal-96xl,384,786432,21.2889600000,1514
c8id.xlarge,4,8192,0.2217600000,118
c8in.12xlarge,48,98304,3.2659200000,590
c8in.16xlarge,64,131072,4.3545600000,1010
c8in.24xlarge,96,196608,6.5318400000,1010
c8in.2xlarge,8,16384,0.5443200000,118
c8in.32xlarge,128,262144,8.7091200000,1010
c8in.48xlarge,192,393216,13.0636800000,1514
c8in.4xlarge,16,32768,1.0886400000,394
c8in.8xlarge,32,65536,2.1772800000,394
c8in.96xlarge,384,786432,26.1273600000,1514
c8in.large,2,4096,0.1360800000,78
c8in.metal-48xl,192,393216,13.0636800000,1514
c8in.metal-96xl,384,786432,26.1273600000,1514
c8in.xlarge,4,8192,0.2721600000,118
c8ine.12xlarge,48,98304,4.0824000000,590
c8ine.2xlarge,8,16384,0.6804000000,118
c8ine.4xlarge,16,32768,1.3608000000,394
c8ine.8xlarge,32,65536,2.7216000000,394
c8ine.large,2,4096,0.1701000000,78
c8ine.xlarge,4,8192,0.3402000000,118
c9g.12xlarge,48,98304,2.0865600000,590
c9g.16xlarge,64,131072,2.7820800000,1010
c9g.24xlarge,96,196608,4.1731200000,1514
c9g.2xlarge,8,16384,0.3477600000,118
c9g.48xlarge,192,393216,8.3462400000,1514
c9g.4xlarge,16,32768,0.6955200000,394
c9g.8xlarge,32,65536,1.3910400000,492
c9g.large,2,4096,0.0869400000,59
c9g.medium,1,2048,0.0434700000,40
c9g.metal-48xl,192,393216,8.3462400000,1514
c9g.xlarge,4,8192,0.1738800000,118
c9gd.12xlarge,48,98304,2.5632000000,590
c9gd.16xlarge,64,131072,3.4176000000,1010
c9gd.24xlarge,96,196608,5.1264000000,1514
c9gd.2xlarge,8,16384,0.4272000000,118
c9gd.48xlarge,192,393216,10.2528000000,1514
c9gd.4xlarge,16,32768,0.8544000000,394
c9gd.8xlarge,32,65536,1.7088000000,492
c9gd.large,2,4096,0.1068000000,59
c9gd.medium,1,2048,0.0534000000,40
c9gd.metal-48xl,192,393216,10.2528000000,1514
c9gd.xlarge,4,8192,0.2136000000,118
d2.2xlarge,8,62464,1.3800000000,58
d2.4xlarge,16,124928,2.7600000000,234
d2.8xlarge,36,249856,5.5200000000,234
d2.xlarge,4,31232,0.6900000000,58
d3.2xlarge,8,65536,0.9990000000,18
d3.4xlarge,16,131072,1.9980000000,38
d3.8xlarge,32,262144,3.9955200000,59
d3.xlarge,4,32768,0.4990000000,10
d3en.12xlarge,48,196608,6.3086400000,89
d3en.2xlarge,8,32768,1.0510000000,18
d3en.4xlarge,16,65536,2.1030000000,38
d3en.6xlarge,24,98304,3.1540000000,58
d3en.8xlarge,32,131072,4.2057600000,78
d3en.xlarge,4,16384,0.5260000000,10
dl2q.24xlarge,96,786432,8.9194000000,737
f2.12xlarge,48,524288,3.9600000000,234
f2.48xlarge,192,2097152,15.8400000000,737
f2.6xlarge,24,262144,1.9800000000,234
g4dn.12xlarge,48,196608,3.9120000000,234
g4dn.16xlarge,64,262144,4.3520000000,58
g4dn.2xlarge,8,32768,0.7520000000,29
g4dn.4xlarge,16,65536,1.2040000000,29
g4dn.8xlarge,32,131072,2.1760000000,58
g4dn.metal,96,393216,7.8240000000,737
g4dn.xlarge,4,16384,0.5260000000,29
g5.12xlarge,48,196608,5.6720000000,737
g5.16xlarge,64,262144,4.0960000000,234
g5.24xlarge,96,393216,8.1440000000,737
g5.2xlarge,8,32768,1.2120000000,58
g5.48xlarge,192,786432,16.2880000000,345
g5.4xlarge,16,65536,1.6240000000,234
g5.8xlarge,32,131072,2.4480000000,234
g5.xlarge,4,16384,1.0060000000,58
g5g.16xlarge,64,131072,2.7440000000,737
g5g.2xlarge,8,16384,0.5560000000,58
g5g.4xlarge,16,32768,0.8280000000,234
g5g.8xlarge,32,65536,1.3720000000,234
g5g.metal,64,131072,2.7440000000,737
g5g.xlarge,4,8192,0.4200000000,58
g6.12xlarge,48,196608,4.6016000000,234
g6.16xlarge,64,262144,3.3968000000,737
g6.24xlarge,96,393216,6.6752000000,737
g6.2xlarge,8,32768,0.9776000000,58
g6.48xlarge,192,786432,13.3504000000,737
g6.4xlarge,16,65536,1.3232000000,234
g6.8xlarge,32,131072,2.0144000000,234
g6.xlarge,4,16384,0.8048000000,58
g6e.12xlarge,48,393216,10.4926400000,292
g6e.16xlarge,64,524288,7.5771900000,737
g6e.24xlarge,96,786432,15.0655900000,982
g6e.2xlarge,8,65536,2.2420800000,58
g6e.48xlarge,192,1572864,30.1311800000,1962
g6e.4xlarge,16,131072,3.0042400000,234
g6e.8xlarge,32,262144,4.5285600000,234
g6e.xlarge,4,32768,1.8610000000,58
g6f.2xlarge,8,32768,0.4750000000,58
g6f.4xlarge,16,65536,0.9500000000,234
g6f.large,2,8192,0.2020000000,20
g6f.xlarge,4,16384,0.2375000000,58
g7.12xlarge,48,196608,7.1283200000,758
g7.24xlarge,96,393216,14.2566400000,1514
g7.2xlarge,8,32768,2.5200000000,254
g7.48xlarge,192,786432,28.5132800000,1514
g7.4xlarge,16,65536,3.0420800000,506
g7.8xlarge,32,131072,4.0862400000,632
g7e.12xlarge,48,524288,8.2860800000,632
g7e.24xlarge,96,1048576,16.5721600000,1262
g7e.2xlarge,8,65536,3.3631200000,254
g7e.48xlarge,192,2097152,33.1443200000,2522
g7e.4xlarge,16,131072,3.9981600000,506
g7e.8xlarge,32,262144,5.2682400000,506
gr6.4xlarge,16,131072,1.5392000000,234
gr6.8xlarge,32,262144,2.4464000000,234
gr6f.4xlarge,16,131072,1.0660000000,234
h1.16xlarge,64,262144,3.7440000000,394
h1.2xlarge,8,32768,0.4680000000,58
h1.4xlarge,16,65536,0.9360000000,234
h1.8xlarge,32,131072,1.8720000000,234
i2.2xlarge,8,62464,1.7050000000,58
i2.4xlarge,16,124928,3.4100000000,234
i2.8xlarge,32,249856,6.8200000000,234
i2.xlarge,4,31232,0.8530000000,58
i3.16xlarge,64,499712,4.9920000000,737
i3.2xlarge,8,62464,0.6240000000,58
i3.4xlarge,16,124928,1.2480000000,234
i3.8xlarge,32,249856,2.4960000000,234
i3.large,2,15616,0.1560000000,29
i3.xlarge,4,31232,0.3120000000,58
i3en.12xlarge,48,393216,5.4240000000,234
i3en.24xlarge,96,786432,10.8480000000,737
i3en.2xlarge,8,65536,0.9040000000,58
i3en.3xlarge,12,98304,1.3560000000,58
i3en.6xlarge,24,196608,2.7120000000,234
i3en.large,2,16384,0.2260000000,29
i3en.metal,96,786432,10.8480000000,737
i3en.xlarge,4,32768,0.4520000000,58
i4g.16xlarge,64,524288,4.9420800000,737
i4g.2xlarge,8,65536,0.6177600000,58
i4g.4xlarge,16,131072,1.2355200000,234
i4g.8xlarge,32,262144,2.4710400000,234
i4g.large,2,16384,0.1544400000,29
i4g.xlarge,4,32768,0.3088800000,58
i4i.12xlarge,48,393216,4.1180000000,234
i4i.16xlarge,64,524288,5.4910000000,737
i4i.24xlarge,96,786432,8.2368000000,437
i4i.2xlarge,8,65536,0.6860000000,58
i4i.32xlarge,128,1048576,10.9824000000,737
i4i.4xlarge,16,131072,1.3730000000,234
i4i.8xlarge,32,262144,2.7460000000,234
i4i.large,2,16384,0.1720000000,29
i4i.metal,128,1048576,10.9820000000,737
i4i.xlarge,4,32768,0.3430000000,58
i7i.12xlarge,48,393216,4.5302000000,234
i7i.16xlarge,64,524288,6.0403000000,737
i7i.24xlarge,96,786432,9.0605000000,737
i7i.2xlarge,8,65536,0.7550000000,58
i7i.48xlarge,192,1572864,18.1210000000,737
i7i.4xlarge,16,131072,1.5101000000,234
i7i.8xlarge,32,262144,3.0202000000,234
i7i.large,2,16384,0.1888000000,29
i7i.metal-24xl,96,786432,9.0605000000,737
i7i.metal-48xl,192,1572864,18.1210000000,737
i7i.xlarge,4,32768,0.3775000000,58
i7ie.12xlarge,48,393216,6.2376000000,394
i7ie.18xlarge,72,589824,9.3564000000,737
i7ie.24xlarge,96,786432,12.4752000000,737
i7ie.2xlarge,8,65536,1.0396000000,58
i7ie.3xlarge,12,98304,1.5594000000,58
i7ie.48xlarge,192,1572864,24.9504000000,737
i7ie.6xlarge,24,196608,3.1188000000,234
i7ie.large,2,16384,0.2599000000,29
i7ie.metal-24xl,96,786432,12.4752000000,737
i7ie.metal-48xl,192,1572864,24.9504000000,737
i7ie.xlarge,4,32768,0.5198000000,58
i8g.12xlarge,48,393216,4.1184000000,234
i8g.16xlarge,64,524288,5.4912000000,737
i8g.24xlarge,96,786432,8.2368000000,737
i8g.2xlarge,8,65536,0.6864000000,58
i8g.48xlarge,192,1572864,16.4736000000,737
i8g.4xlarge,16,131072,1.3728000000,234
i8g.8xlarge,32,262144,2.7456000000,234
i8g.large,2,16384,0.1716000000,29
i8g.metal-24xl,96,786432,8.2368000000,737
i8g.metal-48xl,192,1572864,16.4736000000,737
i8g.xlarge,4,32768,0.3432000000,58
i8ge.12xlarge,48,393216,5.6952000000,350
i8ge.18xlarge,72,589824,8.5428000000,786
i8ge.24xlarge,96,786432,11.3904000000,786
i8ge.2xlarge,8,65536,0.9492000000,58
i8ge.3xlarge,12,98304,1.4238000000,176
i8ge.48xlarge,192,1572864,22.7808000000,1178
i8ge.6xlarge,24,196608,2.8476000000,292
i8ge.large,2,16384,0.2373000000,29
i8ge.metal-24xl,96,786432,11.3904000000,786
i8ge.metal-48xl,192,1572864,22.7808000000,1178
i8ge.xlarge,4,32768,0.4746000000,58
im4gn.16xlarge,64,262144,5.8206700000,737
im4gn.2xlarge,8,32768,0.7275800000,58
im4gn.4xlarge,16,65536,1.4551700000,234
im4gn.8xlarge,32,131072,2.9103400000,234
im4gn.large,2,8192,0.1819000000,29
im4gn.xlarge,4,16384,0.3637900000,58
inf1.24xlarge,96,196608,4.7210000000,321
inf1.2xlarge,8,16384,0.3620000000,38
inf1.6xlarge,24,49152,1.1800000000,234
inf1.xlarge,4,8192,0.2280000000,38
inf2.24xlarge,96,393216,6.4906300000,737
inf2.48xlarge,192,786432,12.9812700000,737
inf2.8xlarge,32,131072,1.9678600000,234
inf2.xlarge,4,16384,0.7582000000,58
is4gen.2xlarge,8,49152,1.1526000000,58
is4gen.4xlarge,16,98304,2.3052000000,234
is4gen.8xlarge,32,196608,4.6104000000,234
is4gen.large,2,12288,0.2881500000,29
is4gen.medium,1,6144,0.1440800000,8
is4gen.xlarge,4,24576,0.5763000000,58
m1.large,2,7680,0.1750000000,29
m1.medium,1,3788,0.0870000000,12
m1.small,1,1740,0.0440000000,8
m1.xlarge,4,15360,0.3500000000,58
m2.2xlarge,4,35020,0.4900000000,118
m2.4xlarge,8,70041,0.9800000000,234
m2.xlarge,2,17510,0.2450000000,58
m3.2xlarge,8,30720,0.5320000000,118
m3.large,2,7680,0.1330000000,29
m3.medium,1,3840,0.0670000000,12
m3.xlarge,4,15360,0.2660000000,58
m4.10xlarge,40,163840,2.0000000000,234
m4.16xlarge,64,262144,3.2000000000,234
m4.2xlarge,8,32768,0.4000000000,58
m4.4xlarge,16,65536,0.8000000000,234
m4.large,2,8192,0.1000000000,20
m4.xlarge,4,16384,0.2000000000,58
m5.12xlarge,48,196608,2.3040000000,234
m5.16xlarge,64,262144,3.0720000000,737
m5.24xlarge,96,393216,4.6080000000,737
m5.2xlarge,8,32768,0.3840000000,58
m5.4xlarge,16,65536,0.7680000000,234
m5.8xlarge,32,131072,1.5360000000,234
m5.large,2,8192,0.0960000000,29
m5.metal,96,393216,4.6080000000,737
m5.xlarge,4,16384,0.1920000000,58
m5a.12xlarge,48,196608,2.0640000000,234
m5a.16xlarge,64,262144,2.7520000000,737
m5a.24xlarge,96,393216,4.1280000000,737
m5a.2xlarge,8,32768,0.3440000000,58
m5a.4xlarge,16,65536,0.6880000000,234
m5a.8xlarge,32,131072,1.3760000000,234
m5a.large,2,8192,0.0860000000,29
m5a.xlarge,4,16384,0.1720000000,58
m5ad.12xlarge,48,196608,2.4720000000,234
m5ad.16xlarge,64,262144,3.2960000000,737
m5ad.24xlarge,96,393216,4.9440000000,737
m5ad.2xlarge,8,32768,0.4120000000,58
m5ad.4xlarge,16,65536,0.8240000000,234
m5ad.8xlarge,32,131072,1.6480000000,234
m5ad.large,2,8192,0.1030000000,29
m5ad.xlarge,4,16384,0.2060000000,58
m5d.12xlarge,48,196608,2.7120000000,234
m5d.16xlarge,64,262144,3.6160000000,737
m5d.24xlarge,96,393216,5.4240000000,737
m5d.2xlarge,8,32768,0.4520000000,58
m5d.4xlarge,16,65536,0.9040000000,234
m5d.8xlarge,32,131072,1.8080000000,234
m5d.large,2,8192,0.1130000000,29
m5d.metal,96,393216,5.4240000000,737
m5d.xlarge,4,16384,0.2260000000,58
m5dn.12xlarge,48,196608,3.2640000000,234
m5dn.16xlarge,64,262144,4.3520000000,737
m5dn.24xlarge,96,393216,6.5280000000,737
m5dn.2xlarge,8,32768,0.5440000000,58
m5dn.4xlarge,16,65536,1.0880000000,234
m5dn.8xlarge,32,131072,2.1760000000,234
m5dn.large,2,8192,0.1360000000,29
m5dn.metal,96,393216,6.5280000000,737
m5dn.xlarge,4,16384,0.2720000000,58
m5n.12xlarge,48,196608,2.8560000000,234
m5n.16xlarge,64,262144,3.8080000000,737
m5n.24xlarge,96,393216,5.7120000000,737
m5n.2xlarge,8,32768,0.4760000000,58
m5n.4xlarge,16,65536,0.9520000000,234
m5n.8xlarge,32,131072,1.9040000000,234
m5n.large,2,8192,0.1190000000,29
m5n.metal,96,393216,5.7120000000,737
m5n.xlarge,4,16384,0.2380000000,58
m5zn.12xlarge,48,196608,3.9641000000,737
m5zn.2xlarge,8,32768,0.6607000000,58
m5zn.3xlarge,12,49152,0.9910000000,234
m5zn.6xlarge,24,98304,1.9820000000,234
m5zn.large,2,8192,0.1652000000,29
m5zn.metal,48,196608,3.9641000000,737
m5zn.xlarge,4,16384,0.3303000000,58
m6a.12xlarge,48,196608,2.0736000000,234
m6a.16xlarge,64,262144,2.7648000000,737
m6a.24xlarge,96,393216,4.1472000000,737
m6a.2xlarge,8,32768,0.3456000000,58
m6a.32xlarge,128,524288,5.5296000000,737
m6a.48xlarge,192,786432,8.2944000000,737
m6a.4xlarge,16,65536,0.6912000000,234
m6a.8xlarge,32,131072,1.3824000000,234
m6a.large,2,8192,0.0864000000,29
m6a.metal,192,786432,8.2944000000,737
m6a.xlarge,4,16384,0.1728000000,58
m6g.12xlarge,48,196608,1.8480000000,234
m6g.16xlarge,64,262144,2.4640000000,737
m6g.2xlarge,8,32768,0.3080000000,58
m6g.4xlarge,16,65536,0.6160000000,234
m6g.8xlarge,32,131072,1.2320000000,234
m6g.large,2,8192,0.0770000000,29
m6g.medium,1,4096,0.0385000000,8
m6g.metal,64,262144,2.4640000000,737
m6g.xlarge,4,16384,0.1540000000,58
m6gd.12xlarge,48,196608,2.1696000000,234
m6gd.16xlarge,64,262144,2.8928000000,737
m6gd.2xlarge,8,32768,0.3616000000,58
m6gd.4xlarge,16,65536,0.7232000000,234
m6gd.8xlarge,32,131072,1.4464000000,234
m6gd.large,2,8192,0.0904000000,29
m6gd.medium,1,4096,0.0452000000,8
m6gd.metal,64,262144,2.8928000000,737
m6gd.xlarge,4,16384,0.1808000000,58
m6i.12xlarge,48,196608,2.3040000000,234
m6i.16xlarge,64,262144,3.0720000000,737
m6i.24xlarge,96,393216,4.6080000000,737
m6i.2xlarge,8,32768,0.3840000000,58
m6i.32xlarge,128,524288,6.1440000000,737
m6i.4xlarge,16,65536,0.7680000000,234
m6i.8xlarge,32,131072,1.5360000000,234
m6i.large,2,8192,0.0960000000,29
m6i.metal,128,524288,6.1440000000,737
m6i.xlarge,4,16384,0.1920000000,58
m6id.12xlarge,48,196608,2.8476000000,234
m6id.16xlarge,64,262144,3.7968000000,737
m6id.24xlarge,96,393216,5.6952000000,737
m6id.2xlarge,8,32768,0.4746000000,58
m6id.32xlarge,128,524288,7.5936000000,737
m6id.4xlarge,16,65536,0.9492000000,234
m6id.8xlarge,32,131072,1.8984000000,234
m6id.large,2,8192,0.1186500000,29
m6id.metal,128,524288,7.5936000000,737
m6id.xlarge,4,16384,0.2373000000,58
m6idn.12xlarge,48,196608,3.8188800000,234
m6idn.16xlarge,64,262144,5.0918400000,737
m6idn.24xlarge,96,393216,7.6377600000,737
m6idn.2xlarge,8,32768,0.6364800000,58
m6idn.32xlarge,128,524288,10.1836800000,786
m6idn.4xlarge,16,65536,1.2729600000,234
m6idn.8xlarge,32,131072,2.5459200000,234
m6idn.large,2,8192,0.1591200000,29
m6idn.metal,128,524288,10.1836800000,786
m6idn.xlarge,4,16384,0.3182400000,58
m6in.12xlarge,48,196608,3.3415200000,234
m6in.16xlarge,64,262144,4.4553600000,737
m6in.24xlarge,96,393216,6.6830400000,737
m6in.2xlarge,8,32768,0.5569200000,58
m6in.32xlarge,128,524288,8.9107200000,786
m6in.4xlarge,16,65536,1.1138400000,234
m6in.8xlarge,32,131072,2.2276800000,234
m6in.large,2,8192,0.1392300000,29
m6in.metal,128,524288,8.9107200000,786
m6in.xlarge,4,16384,0.2784600000,58
m7a.12xlarge,48,196608,2.7820800000,234
m7a.16xlarge,64,262144,3.7094400000,737
m7a.24xlarge,96,393216,5.5641600000,737
m7a.2xlarge,8,32768,0.4636800000,58
m7a.32xlarge,128,524288,7.4188800000,737
m7a.48xlarge,192,786432,11.1283200000,737
m7a.4xlarge,16,65536,0.9273600000,234
m7a.8xlarge,32,131072,1.8547200000,234
m7a.large,2,8192,0.1159200000,29
m7a.medium,1,4096,0.0579600000,8
m7a.metal-48xl,192,786432,11.1283200000,737
m7a.xlarge,4,16384,0.2318400000,58
m7g.12xlarge,48,196608,1.9584000000,234
m7g.16xlarge,64,262144,2.6112000000,737
m7g.2xlarge,8,32768,0.3264000000,58
m7g.4xlarge,16,65536,0.6528000000,234
m7g.8xlarge,32,131072,1.3056000000,234
m7g.large,2,8192,0.0816000000,29
m7g.medium,1,4096,0.0408000000,8
m7g.metal,64,262144,2.6112000000,737
m7g.xlarge,4,16384,0.1632000000,58
m7gd.12xlarge,48,196608,2.5628000000,234
m7gd.16xlarge,64,262144,3.4171000000,737
m7gd.2xlarge,8,32768,0.4271000000,58
m7gd.4xlarge,16,65536,0.8543000000,234
m7gd.8xlarge,32,131072,1.7086000000,234
m7gd.large,2,8192,0.1068000000,29
m7gd.medium,1,4096,0.0534000000,8
m7gd.metal,64,262144,3.4171000000,737
m7gd.xlarge,4,16384,0.2136000000,58
m7i-flex.12xlarge,48,196608,2.2982400000,234
m7i-flex.16xlarge,64,262144,3.0643200000,737
m7i-flex.2xlarge,8,32768,0.3830400000,58
m7i-flex.4xlarge,16,65536,0.7660800000,234
m7i-flex.8xlarge,32,131072,1.5321600000,234
m7i-flex.large,2,8192,0.0957600000,29
m7i-flex.xlarge,4,16384,0.1915200000,58
m7i.12xlarge,48,196608,2.4192000000,234
m7i.16xlarge,64,262144,3.2256000000,737
m7i.24xlarge,96,393216,4.8384000000,737
m7i.2xlarge,8,32768,0.4032000000,58
m7i.48xlarge,192,786432,9.6768000000,737
m7i.4xlarge,16,65536,0.8064000000,234
m7i.8xlarge,32,131072,1.6128000000,234
m7i.large,2,8192,0.1008000000,29
m7i.metal-24xl,96,393216,4.8384000000,737
m7i.metal-48xl,192,786432,9.6768000000,737
m7i.xlarge,4,16384,0.2016000000,58
m8a.12xlarge,48,196608,2.9212800000,758
m8a.16xlarge,64,262144,3.8950400000,1010
m8a.24xlarge,96,393216,5.8425600000,1010
m8a.2xlarge,8,32768,0.4868800000,158
m8a.48xlarge,192,786432,11.6851200000,1514
m8a.4xlarge,16,65536,0.9737600000,314
m8a.8xlarge,32,131072,1.9475200000,392
m8a.large,2,8192,0.1217200000,59
m8a.medium,1,4096,0.0608600000,8
m8a.metal-24xl,96,393216,5.8425600000,1010
m8a.metal-48xl,192,786432,11.6851200000,1514
m8a.xlarge,4,16384,0.2434400000,78
m8azn.12xlarge,48,196608,4.9550400000,1010
m8azn.24xlarge,96,393216,9.9100800000,1010
m8azn.3xlarge,12,49152,1.2387600000,314
m8azn.6xlarge,24,98304,2.4775200000,314
m8azn.large,2,8192,0.2064600000,78
m8azn.medium,1,4096,0.1032300000,11
m8azn.metal-12xl,48,196608,4.9550400000,1010
m8azn.metal-24xl,96,393216,9.9100800000,1010
m8azn.xlarge,4,16384,0.4129200000,78
m8g.12xlarge,48,196608,2.1542400000,234
m8g.16xlarge,64,262144,2.8723200000,737
m8g.24xlarge,96,393216,4.3084800000,737
m8g.2xlarge,8,32768,0.3590400000,58
m8g.48xlarge,192,786432,8.6169600000,737
m8g.4xlarge,16,65536,0.7180800000,234
m8g.8xlarge,32,131072,1.4361600000,234
m8g.large,2,8192,0.0897600000,29
m8g.medium,1,4096,0.0448800000,8
m8g.metal-24xl,96,393216,4.3084800000,737
m8g.metal-48xl,192,786432,8.6169600000,737
m8g.xlarge,4,16384,0.1795200000,58
m8gb.12xlarge,48,196608,3.4920000000,350
m8gb.16xlarge,64,262144,4.6560000000,786
m8gb.24xlarge,96,393216,6.9840000000,1178
m8gb.2xlarge,8,32768,0.5820000000,58
m8gb.48xlarge,192,786432,13.9680000000,1178
m8gb.4xlarge,16,65536,1.1640000000,234
m8gb.8xlarge,32,131072,2.3280000000,292
m8gb.large,2,8192,0.1455000000,29
m8gb.medium,1,4096,0.0727500000,8
m8gb.xlarge,4,16384,0.2910000000,58
m8gd.12xlarge,48,196608,2.7676800000,234
m8gd.16xlarge,64,262144,3.6902400000,737
m8gd.24xlarge,96,393216,5.5353600000,737
m8gd.2xlarge,8,32768,0.4612800000,58
m8gd.48xlarge,192,786432,11.0707200000,737
m8gd.4xlarge,16,65536,0.9225600000,234
m8gd.8xlarge,32,131072,1.8451200000,234
m8gd.large,2,8192,0.1153200000,29
m8gd.medium,1,4096,0.0576600000,8
m8gd.metal-24xl,96,393216,5.5353600000,737
m8gd.metal-48xl,192,786432,11.0707200000,737
m8gd.xlarge,4,16384,0.2306400000,58
m8gn.12xlarge,48,196608,3.4920000000,350
m8gn.16xlarge,64,262144,4.6560000000,786
m8gn.24xlarge,96,393216,6.9840000000,1178
m8gn.2xlarge,8,32768,0.5820000000,58
m8gn.48xlarge,192,786432,13.9680000000,1178
m8gn.4xlarge,16,65536,1.1640000000,234
m8gn.8xlarge,32,131072,2.3280000000,292
m8gn.large,2,8192,0.1455000000,29
m8gn.medium,1,4096,0.0728000000,8
m8gn.xlarge,4,16384,0.2910000000,58
m8i-flex.12xlarge,48,196608,2.4132000000,590
m8i-flex.16xlarge,64,262144,3.2176000000,1010
m8i-flex.2xlarge,8,32768,0.4022000000,118
m8i-flex.4xlarge,16,65536,0.8044000000,394
m8i-flex.8xlarge,32,131072,1.6088000000,492
m8i-flex.large,2,8192,0.1005500000,59
m8i-flex.xlarge,4,16384,0.2011000000,118
m8i.12xlarge,48,196608,2.5401600000,590
m8i.16xlarge,64,262144,3.3868800000,1010
m8i.24xlarge,96,393216,5.0803200000,1010
m8i.2xlarge,8,32768,0.4233600000,118
m8i.32xlarge,128,524288,6.7737600000,1514
m8i.48xlarge,192,786432,10.1606400000,1514
m8i.4xlarge,16,65536,0.8467200000,394
m8i.8xlarge,32,131072,1.6934400000,492
m8i.96xlarge,384,1572864,20.3212800000,1514
m8i.large,2,8192,0.1058400000,59
m8i.metal-48xl,192,786432,10.1606400000,1514
m8i.metal-96xl,384,1572864,20.3212800000,1514
m8i.xlarge,4,16384,0.2116800000,118
m8ib.12xlarge,48,196608,4.0099200000,590
m8ib.16xlarge,64,262144,5.3465600000,1010
m8ib.24xlarge,96,393216,8.0198400000,1010
m8ib.2xlarge,8,32768,0.6683200000,118
m8ib.32xlarge,128,524288,10.6931200000,1010
m8ib.48xlarge,192,786432,16.0396800000,1514
m8ib.4xlarge,16,65536,1.3366400000,394
m8ib.8xlarge,32,131072,2.6732800000,394
m8ib.96xlarge,384,1572864,32.0793600000,1514
m8ib.large,2,8192,0.1670800000,78
m8ib.xlarge,4,16384,0.3341600000,118
m8id.12xlarge,48,196608,3.1324800000,590
m8id.16xlarge,64,262144,4.1766400000,1010
m8id.24xlarge,96,393216,6.2649600000,1010
m8id.2xlarge,8,32768,0.5220800000,118
m8id.32xlarge,128,524288,8.3532800000,1514
m8id.48xlarge,192,786432,12.5299200000,1514
m8id.4xlarge,16,65536,1.0441600000,394
m8id.8xlarge,32,131072,2.0883200000,492
m8id.96xlarge,384,1572864,25.0598400000,1514
m8id.large,2,8192,0.1305200000,59
m8id.metal-48xl,192,786432,12.5299200000,1514
m8id.metal-96xl,384,1572864,25.0598400000,1514
m8id.xlarge,4,16384,0.2610400000,118
m8idb.12xlarge,48,196608,4.5825600000,590
m8idb.16xlarge,64,262144,6.1100800000,1010
m8idb.24xlarge,96,393216,9.1651200000,1010
m8idb.2xlarge,8,32768,0.7637600000,118
m8idb.32xlarge,128,524288,12.2201600000,1010
m8idb.48xlarge,192,786432,18.3302400000,1514
m8idb.4xlarge,16,65536,1.5275200000,394
m8idb.8xlarge,32,131072,3.0550400000,394
m8idb.96xlarge,384,1572864,36.6604800000,1514
m8idb.large,2,8192,0.1909400000,78
m8idb.xlarge,4,16384,0.3818800000,118
m8idn.12xlarge,48,196608,4.5825600000,590
m8idn.16xlarge,64,262144,6.1100800000,1010
m8idn.24xlarge,96,393216,9.1651200000,1010
m8idn.2xlarge,8,32768,0.7637600000,118
m8idn.32xlarge,128,524288,12.2201600000,1010
m8idn.48xlarge,192,786432,18.3302400000,1514
m8idn.4xlarge,16,65536,1.5275200000,394
m8idn.8xlarge,32,131072,3.0550400000,394
m8idn.96xlarge,384,1572864,36.6604800000,1514
m8idn.large,2,8192,0.1909400000,78
m8idn.metal-48xl,192,786432,18.3302400000,1514
m8idn.metal-96xl,384,1572864,36.6604800000,1514
m8idn.xlarge,4,16384,0.3818800000,118
m8in.12xlarge,48,196608,4.0099200000,590
m8in.16xlarge,64,262144,5.3465600000,1010
m8in.24xlarge,96,393216,8.0198400000,1010
m8in.2xlarge,8,32768,0.6683200000,118
m8in.32xlarge,128,524288,10.6931200000,1010
m8in.48xlarge,192,786432,16.0396800000,1514
m8in.4xlarge,16,65536,1.3366400000,394
m8in.8xlarge,32,131072,2.6732800000,394
m8in.96xlarge,384,1572864,32.0793600000,1514
m8in.large,2,8192,0.1670800000,78
m8in.xlarge,4,16384,0.3341600000,118
m8ine.12xlarge,48,196608,5.0124000000,590
m8ine.2xlarge,8,32768,0.8354000000,118
m8ine.4xlarge,16,65536,1.6708000000,394
m8ine.8xlarge,32,131072,3.3416000000,394
m8ine.large,2,8192,0.2088500000,78
m8ine.xlarge,4,16384,0.4177000000,118
m9g.12xlarge,48,196608,2.3481600000,590
m9g.16xlarge,64,262144,3.1308800000,1010
m9g.24xlarge,96,393216,4.6963200000,1514
m9g.2xlarge,8,32768,0.3913600000,118
m9g.48xlarge,192,786432,9.3926400000,1514
m9g.4xlarge,16,65536,0.7827200000,394
m9g.8xlarge,32,131072,1.5654400000,492
m9g.large,2,8192,0.0978400000,59
m9g.medium,1,4096,0.0489200000,40
m9g.metal-48xl,192,786432,9.3926400000,1514
m9g.xlarge,4,16384,0.1956800000,118
m9gd.12xlarge,48,196608,3.0168000000,590
m9gd.16xlarge,64,262144,4.0224000000,1010
m9gd.24xlarge,96,393216,6.0336000000,1514
m9gd.2xlarge,8,32768,0.5028000000,118
m9gd.48xlarge,192,786432,12.0672000000,1514
m9gd.4xlarge,16,65536,1.0056000000,394
m9gd.8xlarge,32,131072,2.0112000000,492
m9gd.large,2,8192,0.1257000000,59
m9gd.medium,1,4096,0.0628500000,40
m9gd.metal-48xl,192,786432,12.0672000000,1514
m9gd.xlarge,4,16384,0.2514000000,118
p3dn.24xlarge,96,786432,31.2120000000,737
p4d.24xlarge,96,1179648,21.9576400000,2942
p4de.24xlarge,96,1179648,27.4470500000,2942
p5.48xlarge,192,2097152,55.0400000000,3138
p5.4xlarge,16,262144,6.8800000000,118
p5en.48xlarge,192,2097152,63.2960000000,3138
p6-b200.48xlarge,192,2097152,113.9328000000,1570
p6-b300.48xlarge,192,4194304,142.4160000000,3334
r3.2xlarge,8,62464,0.6650000000,58
r3.4xlarge,16,124928,1.3300000000,234
r3.8xlarge,32,249856,2.6600000000,234
r3.large,2,15360,0.1660000000,29
r3.xlarge,4,31232,0.3330000000,58
r4.16xlarge,64,499712,4.2560000000,737
r4.2xlarge,8,62464,0.5320000000,58
r4.4xlarge,16,124928,1.0640000000,234
r4.8xlarge,32,249856,2.1280000000,234
r4.large,2,15616,0.1330000000,29
r4.xlarge,4,31232,0.2660000000,58
r5.12xlarge,48,393216,3.0240000000,234
r5.16xlarge,64,524288,4.0320000000,737
r5.24xlarge,96,786432,6.0480000000,737
r5.2xlarge,8,65536,0.5040000000,58
r5.4xlarge,16,131072,1.0080000000,234
r5.8xlarge,32,262144,2.0160000000,234
r5.large,2,16384,0.1260000000,29
r5.metal,96,786432,6.0480000000,737
r5.xlarge,4,32768,0.2520000000,58
r5a.12xlarge,48,393216,2.7120000000,234
r5a.16xlarge,64,524288,3.6160000000,737
r5a.24xlarge,96,786432,5.4240000000,737
r5a.2xlarge,8,65536,0.4520000000,58
r5a.4xlarge,16,131072,0.9040000000,234
r5a.8xlarge,32,262144,1.8080000000,234
r5a.large,2,16384,0.1130000000,29
r5a.xlarge,4,32768,0.2260000000,58
r5ad.12xlarge,48,393216,3.1440000000,234
r5ad.16xlarge,64,524288,4.1920000000,737
r5ad.24xlarge,96,786432,6.2880000000,737
r5ad.2xlarge,8,65536,0.5240000000,58
r5ad.4xlarge,16,131072,1.0480000000,234
r5ad.8xlarge,32,262144,2.0960000000,234
r5ad.large,2,16384,0.1310000000,29
r5ad.xlarge,4,32768,0.2620000000,58
r5b.12xlarge,48,393216,3.5760000000,234
r5b.16xlarge,64,524288,4.7680000000,737
r5b.24xlarge,96,786432,7.1520000000,737
r5b.2xlarge,8,65536,0.5960000000,58
r5b.4xlarge,16,131072,1.1920000000,234
r5b.8xlarge,32,262144,2.3840000000,234
r5b.large,2,16384,0.1490000000,29
r5b.metal,96,786432,7.1520000000,737
r5b.xlarge,4,32768,0.2980000000,58
r5d.12xlarge,48,393216,3.4560000000,234
r5d.16xlarge,64,524288,4.6080000000,737
r5d.24xlarge,96,786432,6.9120000000,737
r5d.2xlarge,8,65536,0.5760000000,58
r5d.4xlarge,16,131072,1.1520000000,234
r5d.8xlarge,32,262144,2.3040000000,234
r5d.large,2,16384,0.1440000000,29
r5d.metal,96,786432,6.9120000000,737
r5d.xlarge,4,32768,0.2880000000,58
r5dn.12xlarge,48,393216,4.0080000000,234
r5dn.16xlarge,64,524288,5.3440000000,737
r5dn.24xlarge,96,786432,8.0160000000,737
r5dn.2xlarge,8,65536,0.6680000000,58
r5dn.4xlarge,16,131072,1.3360000000,234
r5dn.8xlarge,32,262144,2.6720000000,234
r5dn.large,2,16384,0.1670000000,29
r5dn.metal,96,786432,8.0160000000,737
r5dn.xlarge,4,32768,0.3340000000,58
r5n.12xlarge,48,393216,3.5760000000,234
r5n.16xlarge,64,524288,4.7680000000,737
r5n.24xlarge,96,786432,7.1520000000,737
r5n.2xlarge,8,65536,0.5960000000,58
r5n.4xlarge,16,131072,1.1920000000,234
r5n.8xlarge,32,262144,2.3840000000,234
r5n.large,2,16384,0.1490000000,29
r5n.metal,96,786432,7.1520000000,737
r5n.xlarge,4,32768,0.2980000000,58
r6a.12xlarge,48,393216,2.7216000000,234
r6a.16xlarge,64,524288,3.6288000000,737
r6a.24xlarge,96,786432,5.4432000000,737
r6a.2xlarge,8,65536,0.4536000000,58
r6a.32xlarge,128,1048576,7.2576000000,737
r6a.48xlarge,192,1572864,10.8864000000,737
r6a.4xlarge,16,131072,0.9072000000,234
r6a.8xlarge,32,262144,1.8144000000,234
r6a.large,2,16384,0.1134000000,29
r6a.metal,192,1572864,10.8864000000,737
r6a.xlarge,4,32768,0.2268000000,58
r6g.12xlarge,48,393216,2.4192000000,234
r6g.16xlarge,64,524288,3.2256000000,737
r6g.2xlarge,8,65536,0.4032000000,58
r6g.4xlarge,16,131072,0.8064000000,234
r6g.8xlarge,32,262144,1.6128000000,234
r6g.large,2,16384,0.1008000000,29
r6g.medium,1,8192,0.0504000000,8
r6g.metal,64,524288,3.2256000000,737
r6g.xlarge,4,32768,0.2016000000,58
r6gd.12xlarge,48,393216,2.7648000000,234
r6gd.16xlarge,64,524288,3.6864000000,737
r6gd.2xlarge,8,65536,0.4608000000,58
r6gd.4xlarge,16,131072,0.9216000000,234
r6gd.8xlarge,32,262144,1.8432000000,234
r6gd.large,2,16384,0.1152000000,29
r6gd.medium,1,8192,0.0576000000,8
r6gd.metal,64,524288,3.6864000000,737
r6gd.xlarge,4,32768,0.2304000000,58
r6i.12xlarge,48,393216,3.0240000000,234
r6i.16xlarge,64,524288,4.0320000000,737
r6i.24xlarge,96,786432,6.0480000000,737
r6i.2xlarge,8,65536,0.5040000000,58
r6i.32xlarge,128,1048576,8.0640000000,737
r6i.4xlarge,16,131072,1.0080000000,234
r6i.8xlarge,32,262144,2.0160000000,234
r6i.large,2,16384,0.1260000000,29
r6i.metal,128,1048576,8.0640000000,737
r6i.xlarge,4,32768,0.2520000000,58
r6id.12xlarge,48,393216,3.6288000000,234
r6id.16xlarge,64,524288,4.8384000000,737
r6id.24xlarge,96,786432,7.2576000000,737
r6id.2xlarge,8,65536,0.6048000000,58
r6id.32xlarge,128,1048576,9.6768000000,737
r6id.4xlarge,16,131072,1.2096000000,234
r6id.8xlarge,32,262144,2.4192000000,234
r6id.large,2,16384,0.1512000000,29
r6id.metal,128,1048576,9.6768000000,737
r6id.xlarge,4,32768,0.3024000000,58
r6idn.12xlarge,48,393216,4.6893600000,234
r6idn.16xlarge,64,524288,6.2524800000,737
r6idn.24xlarge,96,786432,9.3787200000,737
r6idn.2xlarge,8,65536,0.7815600000,58
r6idn.32xlarge,128,1048576,12.5049600000,786
r6idn.4xlarge,16,131072,1.5631200000,234
r6idn.8xlarge,32,262144,3.1262400000,234
r6idn.large,2,16384,0.1953900000,29
r6idn.metal,128,1048576,12.5049600000,786
r6idn.xlarge,4,32768,0.3907800000,58
r6in.12xlarge,48,393216,4.1839200000,234
r6in.16xlarge,64,524288,5.5785600000,737
r6in.24xlarge,96,786432,8.3678400000,737
r6in.2xlarge,8,65536,0.6973200000,58
r6in.32xlarge,128,1048576,11.1571200000,786
r6in.4xlarge,16,131072,1.3946400000,234
r6in.8xlarge,32,262144,2.7892800000,234
r6in.large,2,16384,0.1743300000,29
r6in.metal,128,1048576,11.1571200000,786
r6in.xlarge,4,32768,0.3486600000,58
r7a.12xlarge,48,393216,3.6516000000,234
r7a.16xlarge,64,524288,4.8688000000,737
r7a.24xlarge,96,786432,7.3032000000,737
r7a.2xlarge,8,65536,0.6086000000,58
r7a.32xlarge,128,1048576,9.7376000000,737
r7a.48xlarge,192,1572864,14.6064000000,737
r7a.4xlarge,16,131072,1.2172000000,234
r7a.8xlarge,32,262144,2.4344000000,234
r7a.large,2,16384,0.1521500000,29
r7a.medium,1,8192,0.0760800000,8
r7a.metal-48xl,192,1572864,14.6064000000,737
r7a.xlarge,4,32768,0.3043000000,58
r7g.12xlarge,48,393216,2.5704000000,234
r7g.16xlarge,64,524288,3.4272000000,737
r7g.2xlarge,8,65536,0.4284000000,58
r7g.4xlarge,16,131072,0.8568000000,234
r7g.8xlarge,32,262144,1.7136000000,234
r7g.large,2,16384,0.1071000000,29
r7g.medium,1,8192,0.0536000000,8
r7g.metal,64,524288,3.4272000000,737
r7g.xlarge,4,32768,0.2142000000,58
r7gd.12xlarge,48,393216,3.2659000000,234
r7gd.16xlarge,64,524288,4.3546000000,737
r7gd.2xlarge,8,65536,0.5443000000,58
r7gd.4xlarge,16,131072,1.0886000000,234
r7gd.8xlarge,32,262144,2.1773000000,234
r7gd.large,2,16384,0.1361000000,29
r7gd.medium,1,8192,0.0680000000,8
r7gd.metal,64,524288,4.3546000000,737
r7gd.xlarge,4,32768,0.2722000000,58
r7i.12xlarge,48,393216,3.1752000000,234
r7i.16xlarge,64,524288,4.2336000000,737
r7i.24xlarge,96,786432,6.3504000000,737
r7i.2xlarge,8,65536,0.5292000000,58
r7i.48xlarge,192,1572864,12.7008000000,737
r7i.4xlarge,16,131072,1.0584000000,234
r7i.8xlarge,32,262144,2.1168000000,234
r7i.large,2,16384,0.1323000000,29
r7i.metal-24xl,96,786432,6.3504000000,737
r7i.metal-48xl,192,1572864,12.7008000000,737
r7i.xlarge,4,32768,0.2646000000,58
r7iz.12xlarge,48,393216,4.4640000000,234
r7iz.16xlarge,64,524288,5.9520000000,737
r7iz.2xlarge,8,65536,0.7440000000,58
r7iz.32xlarge,128,1048576,11.9040000000,737
r7iz.4xlarge,16,131072,1.4880000000,234
r7iz.8xlarge,32,262144,2.9760000000,234
r7iz.large,2,16384,0.1860000000,29
r7iz.metal-16xl,64,524288,5.9520000000,737
r7iz.metal-32xl,128,1048576,11.9040000000,737
r7iz.xlarge,4,32768,0.3720000000,58
r8a.12xlarge,48,393216,3.8342400000,758
r8a.16xlarge,64,524288,5.1123200000,1010
r8a.24xlarge,96,786432,7.6684800000,1010
r8a.2xlarge,8,65536,0.6390400000,158
r8a.48xlarge,192,1572864,15.3369600000,1514
r8a.4xlarge,16,131072,1.2780800000,314
r8a.8xlarge,32,262144,2.5561600000,392
r8a.large,2,16384,0.1597600000,59
r8a.medium,1,8192,0.0798800000,8
r8a.metal-24xl,96,786432,7.6684800000,1010
r8a.metal-48xl,192,1572864,15.3369600000,1514
r8a.xlarge,4,32768,0.3195200000,78
r8g.12xlarge,48,393216,2.8276800000,234
r8g.16xlarge,64,524288,3.7702400000,737
r8g.24xlarge,96,786432,5.6553600000,737
r8g.2xlarge,8,65536,0.4712800000,58
r8g.48xlarge,192,1572864,11.3107200000,737
r8g.4xlarge,16,131072,0.9425600000,234
r8g.8xlarge,32,262144,1.8851200000,234
r8g.large,2,16384,0.1178200000,29
r8g.medium,1,8192,0.0589100000,8
r8g.metal-24xl,96,786432,5.6553600000,737
r8g.metal-48xl,192,1572864,11.3107200000,737
r8g.xlarge,4,32768,0.2356400000,58
r8gb.12xlarge,48,393216,4.3723200000,350
r8gb.16xlarge,64,524288,5.8297600000,786
r8gb.24xlarge,96,786432,8.7446400000,1178
r8gb.2xlarge,8,65536,0.7287200000,58
r8gb.48xlarge,192,1572864,17.4892800000,1178
r8gb.4xlarge,16,131072,1.4574400000,234
r8gb.8xlarge,32,262144,2.9148800000,292
r8gb.large,2,16384,0.1821800000,29
r8gb.medium,1,8192,0.0910900000,8
r8gb.xlarge,4,32768,0.3643600000,58
r8gd.12xlarge,48,393216,3.5270400000,234
r8gd.16xlarge,64,524288,4.7027200000,737
r8gd.24xlarge,96,786432,7.0540800000,737
r8gd.2xlarge,8,65536,0.5878400000,58
r8gd.48xlarge,192,1572864,14.1081600000,737
r8gd.4xlarge,16,131072,1.1756800000,234
r8gd.8xlarge,32,262144,2.3513600000,234
r8gd.large,2,16384,0.1469600000,29
r8gd.medium,1,8192,0.0734800000,8
r8gd.metal-24xl,96,786432,7.0540800000,737
r8gd.metal-48xl,192,1572864,14.1081600000,737
r8gd.xlarge,4,32768,0.2939200000,58
r8gn.12xlarge,48,393216,4.3723000000,350
r8gn.16xlarge,64,524288,5.8298000000,786
r8gn.24xlarge,96,786432,8.7446000000,1178
r8gn.2xlarge,8,65536,0.7287000000,58
r8gn.48xlarge,192,1572864,17.4893000000,1178
r8gn.4xlarge,16,131072,1.4574000000,234
r8gn.8xlarge,32,262144,2.9149000000,292
r8gn.large,2,16384,0.1822000000,29
r8gn.medium,1,8192,0.0911000000,8
r8gn.xlarge,4,32768,0.3644000000,58
r8i-flex.12xlarge,48,393216,3.1672800000,590
r8i-flex.16xlarge,64,524288,4.2230400000,1010
r8i-flex.2xlarge,8,65536,0.5278800000,118
r8i-flex.4xlarge,16,131072,1.0557600000,394
r8i-flex.8xlarge,32,262144,2.1115200000,492
r8i-flex.large,2,16384,0.1319700000,59
r8i-flex.xlarge,4,32768,0.2639400000,118
r8i.12xlarge,48,393216,3.3340800000,590
r8i.16xlarge,64,524288,4.4454400000,1010
r8i.24xlarge,96,786432,6.6681600000,1010
r8i.2xlarge,8,65536,0.5556800000,118
r8i.32xlarge,128,1048576,8.8908800000,1514
r8i.48xlarge,192,1572864,13.3363200000,1514
r8i.4xlarge,16,131072,1.1113600000,394
r8i.8xlarge,32,262144,2.2227200000,492
r8i.96xlarge,384,3145728,26.6726400000,1514
r8i.large,2,16384,0.1389200000,59
r8i.metal-48xl,192,1572864,13.3363200000,1514
r8i.metal-96xl,384,3145728,26.6726400000,1514
r8i.xlarge,4,32768,0.2778400000,118
r8ib.12xlarge,48,393216,5.0208000000,590
r8ib.16xlarge,64,524288,6.6944000000,1010
r8ib.24xlarge,96,786432,10.0416000000,1010
r8ib.2xlarge,8,65536,0.8368000000,118
r8ib.32xlarge,128,1048576,13.3888000000,1010
r8ib.48xlarge,192,1572864,20.0832000000,1514
r8ib.4xlarge,16,131072,1.6736000000,394
r8ib.8xlarge,32,262144,3.3472000000,394
r8ib.96xlarge,384,3145728,40.1664000000,1514
r8ib.large,2,16384,0.2092000000,78
r8ib.xlarge,4,32768,0.4184000000,118
r8id.12xlarge,48,393216,3.9916800000,590
r8id.16xlarge,64,524288,5.3222400000,1010
r8id.24xlarge,96,786432,7.9833600000,1010
r8id.2xlarge,8,65536,0.6652800000,118
r8id.32xlarge,128,1048576,10.6444800000,1514
r8id.48xlarge,192,1572864,15.9667200000,1514
r8id.4xlarge,16,131072,1.3305600000,394
r8id.8xlarge,32,262144,2.6611200000,492
r8id.96xlarge,384,3145728,31.9334400000,1514
r8id.large,2,16384,0.1663200000,59
r8id.metal-48xl,192,1572864,15.9667200000,1514
r8id.metal-96xl,384,3145728,31.9334400000,1514
r8id.xlarge,4,32768,0.3326400000,118
r8idb.12xlarge,48,393216,5.6272800000,590
r8idb.16xlarge,64,524288,7.5030400000,1010
r8idb.24xlarge,96,786432,11.2545600000,1010
r8idb.2xlarge,8,65536,0.9378800000,118
r8idb.32xlarge,128,1048576,15.0060800000,1010
r8idb.48xlarge,192,1572864,22.5091200000,1514
r8idb.4xlarge,16,131072,1.8757600000,394
r8idb.8xlarge,32,262144,3.7515200000,394
r8idb.96xlarge,384,3145728,45.0182400000,1514
r8idb.large,2,16384,0.2344700000,78
r8idb.xlarge,4,32768,0.4689400000,118
r8idn.12xlarge,48,393216,5.6272800000,590
r8idn.16xlarge,64,524288,7.5030400000,1010
r8idn.24xlarge,96,786432,11.2545600000,1010
r8idn.2xlarge,8,65536,0.9378800000,118
r8idn.32xlarge,128,1048576,15.0060800000,1010
r8idn.48xlarge,192,1572864,22.5091200000,1514
r8idn.4xlarge,16,131072,1.8757600000,394
r8idn.8xlarge,32,262144,3.7515200000,394
r8idn.96xlarge,384,3145728,45.0182400000,1514
r8idn.large,2,16384,0.2344700000,78
r8idn.xlarge,4,32768,0.4689400000,118
r8in.12xlarge,48,393216,5.0208000000,590
r8in.16xlarge,64,524288,6.6944000000,1010
r8in.24xlarge,96,786432,10.0416000000,1010
r8in.2xlarge,8,65536,0.8368000000,118
r8in.32xlarge,128,1048576,13.3888000000,1010
r8in.48xlarge,192,1572864,20.0832000000,1514
r8in.4xlarge,16,131072,1.6736000000,394
r8in.8xlarge,32,262144,3.3472000000,394
r8in.96xlarge,384,3145728,40.1664000000,1514
r8in.large,2,16384,0.2092000000,78
r8in.xlarge,4,32768,0.4184000000,118
r9g.12xlarge,48,393216,3.0820800000,590
r9g.16xlarge,64,524288,4.1094400000,1010
r9g.24xlarge,96,786432,6.1641600000,1514
r9g.2xlarge,8,65536,0.5136800000,118
r9g.48xlarge,192,1572864,12.3283200000,1514
r9g.4xlarge,16,131072,1.0273600000,394
r9g.8xlarge,32,262144,2.0547200000,492
r9g.large,2,16384,0.1284200000,59
r9g.medium,1,8192,0.0642100000,40
r9g.metal-48xl,192,1572864,12.3283200000,1514
r9g.xlarge,4,32768,0.2568400000,118
r9gd.12xlarge,48,393216,3.8443200000,590
r9gd.16xlarge,64,524288,5.1257600000,1010
r9gd.24xlarge,96,786432,7.6886400000,1514
r9gd.2xlarge,8,65536,0.6407200000,118
r9gd.48xlarge,192,1572864,15.3772800000,1514
r9gd.4xlarge,16,131072,1.2814400000,394
r9gd.8xlarge,32,262144,2.5628800000,492
r9gd.large,2,16384,0.1601800000,59
r9gd.medium,1,8192,0.0800900000,40
r9gd.metal-48xl,192,1572864,15.3772800000,1514
r9gd.xlarge,4,32768,0.3203600000,118
t1.micro,1,627,0.0200000000,4
t2.2xlarge,8,32768,0.3712000000,44
t2.large,2,8192,0.0928000000,35
t2.medium,2,4096,0.0464000000,17
t2.micro,1,1024,0.0116000000,4
t2.nano,1,512,0.0058000000,4
t2.small,1,2048,0.0230000000,11
t2.xlarge,4,16384,0.1856000000,44
t3.2xlarge,8,32768,0.3328000000,58
t3.large,2,8192,0.0832000000,35
t3.medium,2,4096,0.0416000000,17
t3.micro,2,1024,0.0104000000,4
t3.nano,2,512,0.0052000000,4
t3.small,2,2048,0.0208000000,11
t3.xlarge,4,16384,0.1664000000,58
t3a.2xlarge,8,32768,0.3008000000,58
t3a.large,2,8192,0.0752000000,35
t3a.medium,2,4096,0.0376000000,17
t3a.micro,2,1024,0.0094000000,4
t3a.nano,2,512,0.0047000000,4
t3a.small,2,2048,0.0188000000,8
t3a.xlarge,4,16384,0.1504000000,58
t4g.2xlarge,8,32768,0.2688000000,58
t4g.large,2,8192,0.0672000000,35
t4g.medium,2,4096,0.0336000000,17
t4g.micro,2,1024,0.0084000000,4
t4g.nano,2,512,0.0042000000,4
t4g.small,2,2048,0.0168000000,11
t4g.xlarge,4,16384,0.1344000000,58
trn1.2xlarge,8,32768,1.3437500000,58
trn1.32xlarge,128,524288,21.5000000000,1962
trn1n.32xlarge,128,524288,24.7800000000,3922
u-3tb1.56xlarge,224,3145728,27.3000000000,234
u-6tb1.112xlarge,448,6291456,54.6000000000,737
u-6tb1.56xlarge,224,6291456,46.4039100000,737
u7i-12tb.224xlarge,896,12582912,125.5818200000,737
u7i-6tb.112xlarge,448,6291456,62.7900000000,737
u7i-8tb.112xlarge,448,8388608,83.7200000000,737
u7in-16tb.224xlarge,896,16777216,180.4755800000,786
u7in-24tb.224xlarge,896,25165824,270.7312800000,786
u7in-32tb.224xlarge,896,33554432,360.9869500000,786
vt1.24xlarge,96,196608,5.2000000000,737
vt1.3xlarge,12,24576,0.6500000000,58
vt1.6xlarge,24,49152,1.3000000000,234
x1.16xlarge,64,999424,6.6690000000,234
x1.32xlarge,128,1998848,13.3380000000,234
x1e.16xlarge,64,1998848,13.3440000000,234
x1e.2xlarge,8,249856,1.6680000000,58
x1e.32xlarge,128,3997696,26.6880000000,234
x1e.4xlarge,16,499712,3.3360000000,58
x1e.8xlarge,32,999424,6.6720000000,58
x1e.xlarge,4,124928,0.8340000000,29
x2gd.12xlarge,48,786432,4.0080000000,234
x2gd.16xlarge,64,1048576,5.3440000000,737
x2gd.2xlarge,8,131072,0.6680000000,58
x2gd.4xlarge,16,262144,1.3360000000,234
x2gd.8xlarge,32,524288,2.6720000000,234
x2gd.large,2,32768,0.1670000000,29
x2gd.medium,1,16384,0.0835000000,8
x2gd.metal,64,1048576,5.3440000000,737
x2gd.xlarge,4,65536,0.3340000000,58
x2idn.16xlarge,64,1048576,6.6690000000,737
x2idn.24xlarge,96,1572864,10.0035000000,737
x2idn.32xlarge,128,2097152,13.3380000000,737
x2idn.metal,128,2097152,13.3380000000,737
x2iedn.16xlarge,64,2097152,13.3380000000,737
x2iedn.24xlarge,96,3145728,20.0070000000,737
x2iedn.2xlarge,8,262144,1.6672500000,58
x2iedn.32xlarge,128,4194304,26.6760000000,737
x2iedn.4xlarge,16,524288,3.3345000000,234
x2iedn.8xlarge,32,1048576,6.6690000000,234
x2iedn.metal,128,4194304,26.6760000000,737
x2iedn.xlarge,4,131072,0.8336300000,58
x2iezn.12xlarge,48,1572864,10.0080000000,737
x2iezn.2xlarge,8,262144,1.6680000000,58
x2iezn.4xlarge,16,524288,3.3360000000,234
x2iezn.6xlarge,24,786432,5.0040000000,234
x2iezn.8xlarge,32,1048576,6.6720000000,234
x2iezn.metal,48,1572864,10.0080000000,737
x8aedz.12xlarge,48,1572864,13.8072000000,1010
x8aedz.24xlarge,96,3145728,27.6144000000,1010
x8aedz.3xlarge,12,393216,3.4518000000,314
x8aedz.6xlarge,24,786432,6.9036000000,314
x8aedz.large,2,65536,0.5753000000,78
x8aedz.metal-12xl,48,1572864,13.8072000000,1010
x8aedz.metal-24xl,96,3145728,27.6144000000,1010
x8aedz.xlarge,4,131072,1.1506000000,78
x8g.12xlarge,48,786432,4.6896000000,234
x8g.16xlarge,64,1048576,6.2528000000,737
x8g.24xlarge,96,1572864,9.3792000000,737
x8g.2xlarge,8,131072,0.7816000000,58
x8g.48xlarge,192,3145728,18.7584000000,737
x8g.4xlarge,16,262144,1.5632000000,234
x8g.8xlarge,32,524288,3.1264000000,234
x8g.large,2,32768,0.1954000000,29
x8g.medium,1,16384,0.0977000000,8
x8g.metal-24xl,96,1572864,9.3792000000,737
x8g.metal-48xl,192,3145728,18.7584000000,737
x8g.xlarge,4,65536,0.3908000000,58
x8i.12xlarge,48,786432,5.2519200000,590
x8i.16xlarge,64,1048576,7.0025600000,1010
x8i.24xlarge,96,1572864,10.5038400000,1010
x8i.2xlarge,8,131072,0.8753200000,118
x8i.32xlarge,128,2097152,14.0051200000,1514
x8i.48xlarge,192,3145728,21.0076800000,1514
x8i.4xlarge,16,262144,1.7506400000,394
x8i.64xlarge,256,4194304,28.0102400000,1514
x8i.8xlarge,32,524288,3.5012800000,492
x8i.96xlarge,384,6291456,48.7443800000,1514
x8i.large,2,32768,0.2188300000,59
x8i.metal-48xl,192,3145728,21.0076800000,1514
x8i.metal-96xl,384,6291456,48.7443800000,1514
x8i.xlarge,4,65536,0.4376600000,118
z1d.12xlarge,48,393216,4.4640000000,737
z1d.2xlarge,8,65536,0.7440000000,58
z1d.3xlarge,12,98304,1.1160000000,234
z1d.6xlarge,24,196608,2.2320000000,234
z1d.large,2,16384,0.1860000000,29
z1d.metal,48,393216,4.4640000000,737
z1d.xlarge,4,32768,0.3720000000,58
